url,title,published,reason,kept_twin,half
https://www.elmoudjahid.dz/ar/algerie/%D8%B1%D8%A7%D8%A8%D8%B7-%D8%A7%D9%84%D8%AA%D8%B3%D8%AC%D9%8A%D9%84-%D9%81%D9%8A-%D8%A7%D9%84%D9%85%D9%86%D8%B5%D8%A9-%D8%A7%D9%84%D8%B1%D9%82%D9%85%D9%8A%D8%A9-%D8%A7%D9%84%D8%AE%D8%A7%D8%B5%D8%A9-%D8%A8%D8%A7%D9%84%D8%A5%D9%85%D8%AA%D8%AD%D8%A7%D9%86%D8%A7%D8%AA-%D8%A7%D9%84%D9%85%D9%87%D9%86%D9%8A%D8%A9-29243,رابط التسجيل في المنصة الرقمية الخاصة بالإمتحانات المهنية 29243,,off-topic,,papers
https://www.elmoudjahid.dz/fr/actualite/64e-anniversaire-de-l-independance-le-president-tebboune-inaugure-et-donne-le-coup-d-envoi-de-plusieurs-infrastructures-et-projets-dans-la-capitale-255034,64e anniversaire de l independance le president tebboune inaugure et donne le coup d envoi,,same-outlet-recrawl,255075,papers
https://www.elmoudjahid.dz/fr/actualite/a-l-aube-d-une-nouvelle-ere-numerique-l-algerie-se-reinvente-245931,a l aube d une nouvelle ere numerique l algerie se reinvente 245931,,same-outlet-recrawl,253854,papers
https://www.elmoudjahid.dz/fr/actualite/a-travers-le-jeu-video-algerien-forteresse-la-start-up-qui-valorise-l-histoire-et-le-patrimoine-246314,a travers le jeu video algerien forteresse la start up qui valorise l histoire et le patri,,off-topic,,papers
https://www.elmoudjahid.dz/fr/actualite/alimentation-en-eau-potable-60-a-partir-des-stations-de-dessalement-d-ici-2030-196130,alimentation en eau potable 60 a partir des stations de dessalement d ici 2030 196130,,out-of-window,,papers
https://www.elmoudjahid.dz/fr/actualite/apn-5-projets-de-loi-majeurs-adoptes-249014,apn 5 projets de loi majeurs adoptes 249014,,off-topic,,papers
https://www.elmoudjahid.dz/fr/actualite/cartographies-des-metiers-sociale-et-sanitaire-comme-tableau-de-bord-du-gouvernement-des-outils-pour-une-bonne-gouvernance-254427,cartographies des metiers sociale et sanitaire comme tableau de bord du gouvernement des o,,same-outlet-recrawl,254255,papers
https://www.elmoudjahid.dz/fr/actualite/cnr-campagne-d-information-a-oran-pour-vulgariser-le-service-numerique-de-certificat-de-vie-252781,cnr campagne d information a oran pour vulgariser le service numerique de certificat de vi,,off-topic,,papers
https://www.elmoudjahid.dz/fr/actualite/facilitations-de-l-entree-et-de-sortie-du-territoire-national-les-mesures-prolongees-pour-la-diaspora-jusqu-a-fin-2026-245685,facilitations de l entree et de sortie du territoire national les mesures prolongees pour ,,off-topic,,papers
https://www.elmoudjahid.dz/fr/actualite/fella-gaouar-presidente-de-l-intelligent-network-inet-il-est-indispensable-de-renforcer-la-protection-des-donnees-personnelles-182621,fella gaouar presidente de l intelligent network inet il est indispensable de renforcer la,,out-of-window,,papers
https://www.elmoudjahid.dz/fr/actualite/il-a-preside-hier-une-reunion-du-conseil-des-ministres-le-president-supervise-des-dossiers-strategiques-254184,il a preside hier une reunion du conseil des ministres le president supervise des dossiers,,same-outlet-recrawl,254255,papers
https://www.elmoudjahid.dz/fr/actualite/il-s-etend-sur-8-700-km-a-travers-la-mediterranee-zerrouki-lance-le-projet-medusa-242324,il s etend sur 8 700 km a travers la mediterranee zerrouki lance le projet medusa 242324,,off-topic,,papers
https://www.elmoudjahid.dz/fr/actualite/intelligence-artificielle-l-algerie-se-dote-d-une-strategie-nationale-4243,intelligence artificielle l algerie se dote d une strategie nationale 4243,,out-of-window,,papers
https://www.elmoudjahid.dz/fr/actualite/l-autorite-gouvernementale-de-certification-electronique-conforme-aux-referentiels-web-trust-10696,l autorite gouvernementale de certification electronique conforme aux referentiels web tru,,out-of-window,,papers
https://www.elmoudjahid.dz/fr/actualite/l-intelligence-artificielle-et-la-transformation-digitale-quand-l-algerie-code-son-avenir-236042,l intelligence artificielle et la transformation digitale quand l algerie code son avenir ,,off-topic,,papers
https://www.elmoudjahid.dz/fr/actualite/le-president-de-la-republique-inaugure-la-centre-national-algerien-des-services-numeriques-a-alger-255029,le president de la republique inaugure la centre national algerien des services numeriques,,same-outlet-recrawl,255075,papers
https://www.elmoudjahid.dz/fr/actualite/le-president-inaugure-et-lance-plusieurs-projets-a-alger-255078,le president inaugure et lance plusieurs projets a alger 255078,,same-outlet-recrawl,255075,papers
https://www.elmoudjahid.dz/fr/actualite/legalisation-des-documents-destines-a-l-utilisation-a-l-etranger-delivrance-de-l-apostille-a-partir-de-jeudi-255234,legalisation des documents destines a l utilisation a l etranger delivrance de l apostille,,same-outlet-recrawl,255359,papers
https://www.elmoudjahid.dz/fr/actualite/meriem-benmouloud-ministre-de-la-numerisation-et-des-statistiques-197106,meriem benmouloud ministre de la numerisation et des statistiques 197106,,off-topic,,papers
https://www.elmoudjahid.dz/fr/actualite/ministere-delegue-a-l-economie-de-la-connaissance-et-des-start-up-le-capital-humain-moteur-de-la-croissance-7693,ministere delegue a l economie de la connaissance et des start up le capital humain moteur,,out-of-window,,papers
https://www.elmoudjahid.dz/fr/actualite/nouvelle-organisation-territoriale-du-pays-le-projet-des-69-wilayas-et-plus-de-1-500-communes-sur-la-voie-de-la-concretisation-244479,nouvelle organisation territoriale du pays le projet des 69 wilayas et plus de 1 500 commu,,off-topic,,papers
https://www.elmoudjahid.dz/fr/actualite/reductions-credits-a-la-consommation-et-numerisation-la-cnr-renforce-son-soutien-aux-retraites-252046,reductions credits a la consommation et numerisation la cnr renforce son soutien aux retra,,off-topic,,papers
https://www.elmoudjahid.dz/fr/actualite/revue-el-djeich-zoom-sur-le-centre-national-des-systemes-d-aeronefs-sans-pilote-253406,revue el djeich zoom sur le centre national des systemes d aeronefs sans pilote 253406,,off-topic,,papers
https://www.elmoudjahid.dz/fr/actualite/sites-affectes-par-les-crimes-environnementaux-durant-le-colonialisme-une-cartographie-numerique-lancee-255194,sites affectes par les crimes environnementaux durant le colonialisme une cartographie num,,off-topic,,papers
https://www.elmoudjahid.dz/fr/actualite/start-up-algeriennes-2026-l-annee-du-decollage-248280,start up algeriennes 2026 l annee du decollage 248280,,off-topic,,papers
https://www.elmoudjahid.dz/fr/actualite/un-haut-conseil-de-scientifiques-et-une-agence-nationale-d-archeologie-deux-institutions-au-service-de-la-science-et-de-la-memoire-254039,un haut conseil de scientifiques et une agence nationale d archeologie deux institutions a,,off-topic,,papers
https://www.elmoudjahid.dz/fr/actualite/vignette-automobile-en-ligne-en-2024-199940,vignette automobile en ligne en 2024 199940,,out-of-window,,papers
https://www.elmoudjahid.dz/fr/culture/bibliotheque-nationale-une-plateforme-pour-les-vieux-manuscrits-232981,bibliotheque nationale une plateforme pour les vieux manuscrits 232981,,off-topic,,papers
https://www.elmoudjahid.dz/fr/economie/application-mobile-retraite-dz-comment-ouvrir-un-compte-de-chez-soi-230886,application mobile retraite dz comment ouvrir un compte de chez soi 230886,,off-topic,,papers
https://www.elmoudjahid.dz/fr/economie/banques-digitales-modernisation-acceleree-du-secteur-226841,banques digitales modernisation acceleree du secteur 226841,,out-of-window,,papers
https://www.elmoudjahid.dz/fr/economie/creation-d-une-spa-une-start-up-algerienne-leve-200-millions-da-188739,creation d une spa une start up algerienne leve 200 millions da 188739,,out-of-window,,papers
https://www.elmoudjahid.dz/fr/economie/ecosysteme-des-start-up-l-ambition-d-etre-leader-en-afrique-192670,ecosysteme des start up l ambition d etre leader en afrique 192670,,out-of-window,,papers
https://www.elmoudjahid.dz/fr/economie/fiscalite-lancement-du-systeme-d-information-jibaya-tic-dans-divers-centres-d-impots-1377,fiscalite lancement du systeme d information jibaya tic dans divers centres d impots 1377,,out-of-window,,papers
https://www.elmoudjahid.dz/fr/economie/la-loi-de-finances-de-2026-publiee-au-journal-officiel-croissance-soutenue-et-priorite-au-pouvoir-d-achat-245838,la loi de finances de 2026 publiee au journal officiel croissance soutenue et priorite au ,,off-topic,,papers
https://www.elmoudjahid.dz/fr/economie/la-vente-de-1-25-million-d-actions-emises-debute-aujourd-hui-ayrade-ouvre-20-de-son-capital-en-bourse-252960,la vente de 1 25 million d actions emises debute aujourd hui ayrade ouvre 20 de son capita,,off-topic,,papers
https://www.elmoudjahid.dz/fr/economie/nouveaux-projets-d-investissement-une-precieuse-source-de-croissance-205964,nouveaux projets d investissement une precieuse source de croissance 205964,,out-of-window,,papers
https://www.elmoudjahid.dz/fr/economie/nouvelles-opportunites-d-investissement-en-algerie-rencontre-de-sensibilisation-au-consulat-d-algerie-a-bobigny-202800,nouvelles opportunites d investissement en algerie rencontre de sensibilisation au consula,,out-of-window,,papers
https://www.elmoudjahid.dz/fr/info-en-continu/caisse-nationale-des-retraites-une-plateforme-numerique-pour-verifier-l-authenticite-des-documents-delivres-27640,caisse nationale des retraites une plateforme numerique pour verifier l authenticite des d,,out-of-window,,papers
https://www.elmoudjahid.dz/fr/info-en-continu/renouvellement-du-passeport-biometrique-un-service-numerique-lance-pour-la-diaspora-32918,renouvellement du passeport biometrique un service numerique lance pour la diaspora 32918,,out-of-window,,papers
https://www.elmoudjahid.dz/fr/societe/hadj-2027-ouverture-des-inscriptions-a-la-participation-au-tirage-au-sort-des-le-8-juillet-255153,hadj 2027 ouverture des inscriptions a la participation au tirage au sort des le 8 juillet,,off-topic,,papers
https://www.echoroukonline.com/%D8%A5%D8%AC%D8%B1%D8%A7%D8%A1%D8%A7%D8%AA-%D8%AC%D8%AF%D9%8A%D8%AF%D8%A9-%D9%84%D8%AA%D8%B3%D9%84%D9%8A%D9%85-%D8%A7%D9%84%D8%A8%D8%B7%D8%A7%D9%82%D8%A9-%D8%A7%D9%84%D8%B0%D9%87%D8%A8%D9%8A%D8%A9,إجراءات جديدة لتسليم البطاقة الذهبية,,off-topic,,papers
https://www.echoroukonline.com/%D8%A5%D9%86%D8%B4%D8%A7%D8%A1-%D8%AF%D8%B1%D8%B9-%D8%B3%D9%8A%D8%A8%D8%B1%D8%A7%D9%86%D9%8A%D8%A9-%D9%84%D8%AD%D9%85%D8%A7%D9%8A%D8%A9-%D8%B3%D9%8A%D8%A7%D8%AF%D8%A9-%D8%A7%D9%84%D8%AC%D8%B2%D8%A7,إنشاء درع سيبرانية لحماية سيادة الجزا,,same-outlet-recrawl,echorouk 2026-01-23 (decree 26-07),papers
https://www.echoroukonline.com/%D8%A7%D8%AA%D8%B5%D8%A7%D9%84%D8%A7%D8%AA-%D8%A7%D9%84%D8%AC%D8%B2%D8%A7%D8%A6%D8%B1-%D8%AA%D8%AD%D8%AA%D9%81%D9%8A-%D8%A8%D8%AA%D8%AA%D9%88%D9%8A%D8%AC-%D8%AF%D9%88%D9%84%D9%8A-%D8%AC%D8%AF%D9%8A,اتصالات الجزائر تحتفي بتتويج دولي جدي,,same-outlet-recrawl,echorouk 2026-07-09,papers
https://www.echoroukonline.com/%D8%A7%D8%AC%D8%AA%D9%85%D8%A7%D8%B9-%D8%AA%D9%86%D8%B3%D9%8A%D9%82%D9%8A-%D9%84%D8%AF%D8%B1%D8%A7%D8%B3%D8%A9-%D9%85%D8%B4%D8%B1%D9%88%D8%B9-%D8%A7%D9%84%D9%86%D8%B8%D8%A7%D9%85-%D8%A7%D9%84%D9%85,اجتماع تنسيقي لدراسة مشروع النظام الم,,same-outlet-recrawl,echorouk 2026-04-27,papers
https://www.echoroukonline.com/%D8%A7%D9%84%D8%AA%D9%85%D9%88%D9%82%D8%B9-%D8%A7%D9%84%D8%AF%D9%88%D9%84%D9%8A-%D9%88%D8%A7%D9%84%D8%A5%D9%82%D9%84%D9%8A%D9%85%D9%8A-%D9%88%D8%A5%D8%B9%D8%A7%D8%AF%D8%A9-%D9%87%D9%8A%D9%83%D9%84,التموقع الدولي والإقليمي وإعادة هيكل,,off-topic,,papers
https://www.echoroukonline.com/%D8%A7%D9%84%D8%AA%D9%86%D8%B8%D9%8A%D9%85-%D8%A7%D9%84%D9%86%D9%82%D8%A7%D8%A8%D9%8A-%D8%A8%D9%8A%D9%86-%D8%A7%D9%84%D9%86%D8%B5-%D9%88%D8%A7%D9%84%D8%AA%D8%B7%D8%A8%D9%8A%D9%82,التنظيم النقابي بين النص والتطبيق,,off-topic,,papers
https://www.echoroukonline.com/%D8%A7%D9%84%D8%AC%D8%B2%D8%A7%D8%A6%D8%B1-%D8%A7%D9%84%D8%B9%D9%85%D9%88%D8%AF%D9%8A%D8%A9-%D9%87%D9%84-%D8%B3%D8%AA%D9%82%D9%84%D8%A8-%D9%85%D8%B9%D8%A7%D8%AF%D9%84%D8%A9-%D8%A7%D9%84%D8%AA,الجزائر العمودية هل ستقلب معادلة الت,,off-topic,,papers
https://www.echoroukonline.com/%D8%A7%D9%84%D8%AC%D8%B2%D8%A7%D8%A6%D8%B1-%D8%AA%D8%B3%D8%AA%D9%87%D8%AF%D9%81-%D8%A7%D9%84%D8%AA%D8%AD%D9%88%D9%84-%D8%A5%D9%84%D9%89-%D9%82%D8%B7%D8%A8-%D8%A5%D9%82%D9%84%D9%8A%D9%85%D9%8A-%D9%84,الجزائر تستهدف التحول إلى قطب إقليمي ل,,off-topic,,papers
https://www.echoroukonline.com/%D8%A7%D9%84%D8%AC%D8%B2%D8%A7%D8%A6%D8%B1-2025-%D8%B3%D9%86%D8%A9-%D8%A7%D9%84%D8%AA%D8%AD%D9%88%D9%91%D9%84-%D8%A7%D9%84%D8%A7%D8%B3%D8%AA%D8%B1%D8%A7%D8%AA%D9%8A%D8%AC%D9%8A-%D9%88,الجزائر 2025 سنة التحوّل الاستراتيجي و,,off-topic,,papers
https://www.echoroukonline.com/%D8%A7%D9%84%D8%B1%D8%A6%D9%8A%D8%B3-%D8%AA%D8%A8%D9%91%D9%88%D9%86-%D9%8A%D8%AD%D9%85%D9%84-%D8%B1%D8%B3%D8%A7%D9%84%D8%A9-%D8%A7%D9%84%D8%AA%D8%B9%D8%A7%D9%88%D9%86-%D8%A7%D9%84%D8%A5%D9%81%D8%B1,الرئيس تبّون يحمل رسالة التعاون الإفر,,off-topic,,papers
https://www.echoroukonline.com/%D8%A7%D9%84%D8%B5%D8%B1%D8%A7%D9%81-%D8%A7%D9%84%D8%A2%D9%84%D9%8A-%D8%A8%D8%B1%D9%8A%D8%AF-%D8%A7%D9%84%D8%AC%D8%B2%D8%A7%D8%A6%D8%B1-%D8%AA%D8%B9%D8%AA%D9%85%D8%AF-%D8%AA%D8%AD%D8%AF%D9%8A%D8%AB,الصراف الآلي بريد الجزائر تعتمد تحديث,,off-topic,,papers
https://www.echoroukonline.com/%D8%A7%D9%84%D8%B5%D9%86%D8%AF%D9%88%D9%82-%D8%A7%D9%84%D9%88%D8%B7%D9%86%D9%8A-%D9%84%D9%84%D8%AA%D8%A3%D9%85%D9%8A%D9%86%D8%A7%D8%AA-%D8%A7%D9%84%D8%A7%D8%AC%D8%AA%D9%85%D8%A7%D8%B9%D9%8A%D8%A9,الصندوق الوطني للتأمينات الاجتماعية,,off-topic,,papers
https://www.echoroukonline.com/%D8%A7%D9%84%D9%85%D8%AC%D9%84%D8%B3-%D8%A7%D9%84%D8%B4%D8%B9%D8%A8%D9%8A-%D8%A7%D9%84%D9%88%D8%B7%D9%86%D9%8A-%D9%8A%D9%88%D8%A7%D8%B5%D9%84-%D8%AF%D8%B1%D8%A7%D8%B3%D8%A9-%D9%82%D8%A7%D9%86%D9%88,المجلس الشعبي الوطني يواصل دراسة قانو,,same-outlet-recrawl,elmoudjahid 2025-12-01 (244691),papers
https://www.echoroukonline.com/%D8%A7%D9%86%D8%AA%D9%87%D9%89-%D8%B2%D9%85%D9%86-%D8%A7%D9%84%D8%A8%D9%8A%D8%B1%D9%88%D9%82%D8%B1%D8%A7%D8%B7%D9%8A%D8%A9-%D9%88%D8%A7%D9%84%D8%B1%D9%83%D8%B6-%D8%A8%D9%8A%D9%86-%D8%A7%D9%84%D8%A5,انتهى زمن البيروقراطية والركض بين الإ,,off-topic,,papers
https://www.echoroukonline.com/%D8%A8%D8%B9%D8%AF-%D8%B1%D8%A8%D8%B9-%D9%82%D8%B1%D9%86-%D8%A7%D9%86%D8%AA%D8%B8%D8%A7%D8%B1-%D8%A7%D9%84%D8%AC%D8%B2%D8%A7%D8%A6%D8%B1-%D8%AA%D9%83%D8%B3%D8%A8-%D8%B1%D9%87%D8%A7%D9%86-%D8%A3,بعد ربع قرن انتظار الجزائر تكسب رهان أ,,off-topic,,papers
https://www.echoroukonline.com/%D8%A8%D9%8A%D8%A7%D9%86-%D9%85%D9%86-%D8%A7%D9%84%D8%B5%D9%86%D8%AF%D9%88%D9%82-%D8%A7%D9%84%D9%88%D8%B7%D9%86%D9%8A-%D9%84%D9%84%D8%AA%D9%82%D8%A7%D8%B9%D8%AF-%D8%AD%D9%88%D9%84-%D8%AA%D8%AC%D8%AF,بيان من الصندوق الوطني للتقاعد حول تجد,,off-topic,,papers
https://www.echoroukonline.com/%D8%AA%D8%AD%D8%AF%D9%8A%D8%AB-%D8%B1%D9%88%D8%A7%D8%A8%D8%B7-%D8%AC%D8%A8%D8%A7%D9%8A%D8%AA%D9%83-%D9%88%D9%85%D9%86%D8%B5%D8%A9-%D8%A7%D9%84%D8%AA%D8%B1%D9%82%D9%8A%D9%85-%D8%A7,تحديث روابط جبايتك ومنصة الترقيم ا,,off-topic,,papers
https://www.echoroukonline.com/%D8%AC%D8%B2%D8%A7%D8%A6%D8%B1-%D8%B1%D9%82%D9%85%D9%8A%D9%91%D8%A9-%D9%81%D9%8A-2026-%D9%88%D8%B9%D8%B5%D8%B1%D9%86%D8%A9-%D8%B4%D8%A7%D9%85%D9%84%D8%A9-%D9%84%D9%84%D8%AC%D9%8A%D8%B4,جزائر رقميّة في 2026 وعصرنة شاملة للجيش,,off-topic,,papers
https://www.echoroukonline.com/%D8%AD%D8%AF%D8%AB-%D8%AA%D8%A7%D8%B1%D9%8A%D8%AE%D9%8A-%D8%A5%D8%B7%D9%84%D8%A7%D9%82-%D8%A3%D8%B4%D8%BA%D8%A7%D9%84-%D8%A7%D9%84%D8%B4%D8%B7%D8%B1-%D8%A7%D9%84%D8%AC%D8%B2%D8%A7%D8%A6%D8%B1%D9%8A,حدث تاريخي إطلاق أشغال الشطر الجزائري,,off-topic,,papers
https://www.echoroukonline.com/%D8%B1%D8%A6%D9%8A%D8%B3-%D8%A7%D9%84%D8%AC%D9%85%D9%87%D9%88%D8%B1%D9%8A%D9%91%D8%A9-%D9%8A%D9%82%D8%B1%D9%91%D8%B1-%D8%A7%D9%84%D8%AA%D8%B9%D8%A8%D8%A6%D8%A9-%D8%A7%D9%84%D8%B9%D8%A7%D9%85%D8%A9,رئيس الجمهوريّة يقرّر التعبئة العامة,,off-topic,,papers
https://www.echoroukonline.com/%D8%B1%D9%82%D9%85%D9%86%D8%A9-16-%D9%85%D8%AC%D8%A7%D9%84%D8%A7-%D8%AC%D8%AF%D9%8A%D8%AF%D8%A7-%D8%A8%D9%82%D8%B7%D8%A7%D8%B9-%D8%A7%D9%84%D8%AA%D8%B1%D8%A8%D9%8A%D8%A9-%D8%A7%D9%84%D9%85%D9%88%D8%B3,رقمنة 16 مجالا جديدا بقطاع التربية الموس,,out-of-window,,papers
https://www.echoroukonline.com/%D8%B3%D8%B9%D9%8A%D9%88%D8%AF-%D9%82%D8%A7%D9%86%D9%88%D9%86-%D8%A7%D9%84%D8%AA%D9%86%D8%B8%D9%8A%D9%85-%D8%A7%D9%84%D8%A5%D9%82%D9%84%D9%8A%D9%85%D9%8A-%D9%84%D9%84%D8%A8%D9%84%D8%A7%D8%AF-%D9%8A,سعيود قانون التنظيم الإقليمي للبلاد ي,,off-topic,,papers
https://www.echoroukonline.com/%D8%B3%D8%B9%D9%8A%D9%88%D8%AF-%D9%8A%D8%B3%D8%AA%D8%B9%D8%B1%D8%B6-%D9%85%D8%B4%D8%B1%D9%88%D8%B9-%D8%A7%D9%84%D8%A7%D8%B3%D8%AA%D8%B1%D8%A7%D8%AA%D9%8A%D8%AC%D9%8A%D8%A9-%D8%A7%D9%84%D9%88%D8%B7,سعيود يستعرض مشروع الاستراتيجية الوط,,off-topic,,papers
https://www.echoroukonline.com/%D8%B3%D8%B9%D9%8A%D9%88%D8%AF-%D9%8A%D8%B9%D8%B1%D8%B6-%D9%85%D8%B4%D8%B1%D9%88%D8%B9-%D8%A7%D9%84%D9%82%D8%A7%D9%86%D9%88%D9%86-%D8%A7%D9%84%D8%B9%D8%B6%D9%88%D9%8A-%D8%A7%D9%84%D9%85%D8%AA%D8%B9,سعيود يعرض مشروع القانون العضوي المتع,,off-topic,,papers
https://www.echoroukonline.com/%D8%B9%D8%B1%D8%B6-%D8%AC%D8%AF%D9%8A%D8%AF-%D9%85%D9%86-%D8%A7%D8%AA%D8%B5%D8%A7%D9%84%D8%A7%D8%AA-%D8%A7%D9%84%D8%AC%D8%B2%D8%A7%D8%A6%D8%B1,عرض جديد من اتصالات الجزائر,,off-topic,,papers
https://www.echoroukonline.com/%D8%B9%D8%B1%D8%B6-%D9%86%D8%B5-%D9%82%D8%A7%D9%86%D9%88%D9%86-%D9%85%D9%85%D8%A7%D8%B1%D8%B3%D8%A9-%D8%A7%D9%84%D8%A3%D9%86%D8%B4%D8%B7%D8%A9-%D8%A7%D9%84%D8%AA%D8%AC%D8%A7%D8%B1%D9%8A%D8%A9-%D8%A3,عرض نص قانون ممارسة الأنشطة التجارية أ,,off-topic,,papers
https://www.echoroukonline.com/%D8%B9%D8%B1%D9%82%D8%A7%D8%A8-%D9%88%D8%A8%D9%86-%D9%85%D9%88%D9%84%D9%88%D8%AF-%D9%8A%D8%A8%D8%AD%D8%AB%D8%A7%D9%86-%D9%85%D8%B4%D8%B1%D9%88%D8%B9-%D8%A7%D9%84%D9%86%D8%B8%D8%A7%D9%85-%D8%A7%D9%84,عرقاب وبن مولود يبحثان مشروع النظام ال,,off-topic,,papers
https://www.echoroukonline.com/%D9%82%D8%A7%D9%86%D9%88%D9%86-%D9%85%D9%83%D8%A7%D9%81%D8%AD%D8%A9-%D8%A7%D9%84%D8%AA%D8%B2%D9%88%D9%8A%D8%B1-%D9%88%D8%A7%D8%B3%D8%AA%D8%B9%D9%85%D8%A7%D9%84-%D8%A7%D9%84%D9%85%D8%B2%D9%88%D9%91,قانون مكافحة التزوير واستعمال المزوّ,,off-topic,,papers
https://www.echoroukonline.com/%D9%82%D8%A8%D9%84-%D9%85%D8%A7%D9%8A-2026-%D8%A5%D8%AC%D8%B1%D8%A7%D8%A1-%D8%AC%D8%AF%D9%8A%D8%AF-%D9%85%D9%86-%D8%A8%D8%B1%D9%8A%D8%AF-%D8%A7%D9%84%D8%AC%D8%B2%D8%A7%D8%A6%D8%B1-%D9%84%D8%A3%D8%B5,قبل ماي 2026 إجراء جديد من بريد الجزائر لأص,,off-topic,,papers
https://www.echoroukonline.com/%D9%82%D8%B1%D8%A7%D8%A1%D8%A9-%D8%AF%D8%B3%D8%AA%D9%88%D8%B1%D9%8A%D8%A9-%D9%88%D9%82%D8%A7%D9%86%D9%88%D9%86%D9%8A%D8%A9-%D9%88%D8%B3%D9%8A%D8%A7%D8%B3%D9%8A%D8%A9-%D9%81%D9%8A-%D8%A3%D8%AD%D9%83,قراءة دستورية وقانونية وسياسية في أحك,,off-topic,,papers
https://www.echoroukonline.com/%D9%85%D8%A7-%D9%85%D9%88%D9%82%D8%B9-%D8%A7%D9%84%D8%AC%D8%B2%D8%A7%D8%A6%D8%B1-%D9%85%D9%86-%D8%AE%D8%B7%D8%A9-%D8%B3%D8%AA%D9%8A%D9%84%D8%A7%D9%86%D8%AA%D9%8A%D8%B3-%D8%A7%D9%84%D8%A7%D8%B3,ما موقع الجزائر من خطة ستيلانتيس الاس,,off-topic,,papers
https://www.echoroukonline.com/%D9%85%D8%B1%D8%A7%D8%AC%D8%B9%D8%A9-%D8%A7%D9%84%D8%B7%D8%A7%D8%A8%D8%B9-%D8%A7%D9%84%D8%AC%D9%86%D8%A7%D8%A6%D9%8A-%D9%84%D9%82%D8%A7%D9%86%D9%88%D9%86-%D8%A7%D9%84%D9%85%D8%B1%D9%88%D8%B1-%D9%88,مراجعة الطابع الجنائي لقانون المرور و,,off-topic,,papers
https://www.echoroukonline.com/%D9%85%D9%8E%D9%86-%D9%8A%D8%AD%D9%85%D9%8A-%D9%85%D9%8E%D9%86%D8%9F-%D9%82%D9%88%D8%A7%D8%B9%D8%AF-%D8%A7%D9%84%D8%A8%D9%8A%D8%A7%D9%86%D8%A7%D8%AA-%D8%A3%D9%85-%D8%A7%D9%84%D9%82%D9%88%D8%A7%D8%B9,مَن يحمي مَن؟ قواعد البيانات أم القواع,,off-topic,,papers
https://www.echoroukonline.com/%D9%86%D8%A7%D8%B3%D8%AF%D8%A7-%D9%88%D8%A8%D8%B1%D9%8A%D8%AF-%D8%A7%D9%84%D8%AC%D8%B2%D8%A7%D8%A6%D8%B1-%D9%8A%D8%B9%D8%B2%D8%B2%D8%A7%D9%86-%D8%AF%D8%B9%D9%85-%D8%A7%D9%84%D9%85%D9%82%D8%A7%D9%88,ناسدا وبريد الجزائر يعززان دعم المقاو,,off-topic,,papers
https://www.echoroukonline.com/%D9%87%D8%B0%D8%A7-%D9%85%D8%A7-%D9%82%D8%A7%D9%84%D9%87-%D9%88%D9%84%D9%8A%D8%AF-%D8%B5%D8%A7%D8%AF%D9%8A-%D8%A8%D8%B9%D8%AF-%D8%AA%D8%AF%D8%B4%D9%8A%D9%86-%D8%A7%D9%84%D9%85%D8%B1%D9%83%D8%B2-%D8%A7,هذا ما قاله وليد صادي بعد تدشين المركز ا,,off-topic,,papers
https://www.echoroukonline.com/%D9%87%D8%B0%D9%87-%D8%A3%D8%B3%D8%A8%D8%A7%D8%A8-%D8%AA%D9%88%D8%B3%D9%8A%D8%B9-%D8%A7%D9%84%D8%AA%D8%AC%D8%B1%D9%8A%D8%AF-%D9%85%D9%86-%D8%A7%D9%84%D8%AC%D9%86%D8%B3%D9%8A%D8%A9-%D9%88%D9%81%D9%82,هذه أسباب توسيع التجريد من الجنسية وفق,,off-topic,,papers
https://www.echoroukonline.com/15-gw-in-nine-years-algeria-bets-big-on-solar-power,15 gw in nine years algeria bets big on solar power,,off-topic,,papers
https://www.echoroukonline.com/algeria-awaits-final-composition-of-the-tenth-parliament,algeria awaits final composition of the tenth parliament,,off-topic,,papers
https://www.echoroukonline.com/algeria-eyes-25-billion-investment-to-build-a-world-class-hydrogen-industry-by-2040,algeria eyes 25 billion investment to build a world class hydrogen industry by 2,,off-topic,,papers
https://www.echoroukonline.com/algeria-to-release-biometric-and-electronic-identity-card,algeria to release biometric and electronic identity card,,off-topic,,papers
https://www.echoroukonline.com/cheraga-m-zerrouki-senquiert-des-travaux-de-reparation-du-reseau-de-fibre-optique-endommage,cheraga m zerrouki senquiert des travaux de reparation du reseau de fibre optiqu,,off-topic,,papers
https://www.echoroukonline.com/finance-ministry-clarifies-vat-rules-for-bailiffs-fees,finance ministry clarifies vat rules for bailiffs fees,,off-topic,,papers
https://www.echoroukonline.com/french-ambassador-speaks-of-imminent-resumption-of-memory-committee-activity,french ambassador speaks of imminent resumption of memory committee activity,,off-topic,,papers
https://www.echoroukonline.com/le-president-de-la-republique-inaugure-le-centre-national-algerien-des-services-numeriques-a-alger,le president de la republique inaugure le centre national algerien des services ,,same-outlet-recrawl,echorouk 2026-07-05 AR,papers
https://www.echoroukonline.com/singularity-computing-%D8%AA%D9%85%D8%AB%D9%84-%D8%A7%D9%84%D8%AC%D8%B2%D8%A7%D8%A6%D8%B1-%D9%81%D9%8A-%D9%86%D9%87%D8%A7%D8%A6%D9%8A-%D9%85%D8%B3%D8%A7%D8%A8%D9%82%D8%A9-%D8%A7%D9%84%D9%85%D8%B4,singularity computing تمثل الجزائر في نهائي مسابقة المش,,off-topic,,papers
https://www.wearetech.africa/en/fils-uk/news/tech/algeria-launches-dzair-services-to-centralize-public-digital-platforms,Algeria launches Dzair Services to centralize public digital platforms,2025-10-17,already-held,raw/2025-10-17 Algeria launches Dzair Services single-window public-services platform,journals
https://www.wearetech.africa/en/fils-uk/news/tech/algeria-launches-national-framework-to-govern-public-data,Algeria Launches National Framework to Govern Public Data,2026-02-10,already-held,raw/2026-02-10 Algeria launches national public-data governance framework (Decree 25-350),journals
https://www.wearetech.africa/fr/fils/actualites/gestion-publique/l-algerie-mise-sur-une-fiscalite-100-numerique-pour-simplifier-et-securiser-les-procedures,L'Algerie mise sur une fiscalite 100% numerique,2025-03-11,same-outlet-recrawl,EN twin staged: algeria-orders-fast-tracking-of-digital-tax-data-integration,journals
https://www.wearetech.africa/fr/fils/actualites/tech/l-algerie-choisit-le-numerique-pour-optimiser-la-gestion-des-projets-publics,L'Algerie choisit le numerique pour optimiser la gestion des projets publics,2025-07-22,same-outlet-recrawl,EN twin staged: algeria-taps-digital-technology-to-streamline-public-project-management,journals
https://www.wearetech.africa/en/fils-uk/news/tech/algerie-vers-la-creation-d-un-pole-technologique-pour-moderniser-l-administration,Algerie: vers la creation d'un pole technologique pour moderniser l'administration,2025-09-18,same-outlet-recrawl,EN twin staged: algeria-s-state-fund-backs-new-tech-hub-to-modernize-public-sector (2025-09-19),journals
https://www.wearetech.africa/fr/fils/actualites/tech/dzair-services-l-algerie-centralise-ses-services-numeriques-dans-un-portail-unique,Dzair Services: l'Algerie centralise ses services numeriques dans un portail unique,2025-10-17,same-outlet-recrawl,EN twin already held: raw/2025-10-17 Algeria launches Dzair Services,journals
https://www.wearetech.africa/fr/fils/actualites/finance/algerie-le-paiement-des-droits-de-timbre-du-registre-du-commerce-passe-au-numerique,Algerie: le paiement des droits de timbre du registre du commerce passe au numerique,2025-12-26,same-outlet-recrawl,EN twin staged: algeria-moves-business-registration-stamp-duties-online (2025-12-27),journals
https://www.wearetech.africa/fr/fils/actualites/tech/l-algerie-se-dote-d-un-cadre-institutionnel-renforce-pour-prevenir-les-cyberattaques,L'Algerie se dote d'un cadre institutionnel renforce pour prevenir les cyberattaques,2026-01-26,same-outlet-recrawl,EN twin staged: algeria-adopts-new-cybersecurity-framework-as-digital-risks-rise,journals
https://www.wearetech.africa/fr/fils/actualites/tech/algerie-lancement-du-dispositif-national-de-gouvernance-des-donnees,Algerie: lancement du dispositif national de gouvernance des donnees,2026-02-10,same-outlet-recrawl,EN twin already held: raw/2026-02-10 Algeria launches national public-data governance framework,journals
https://www.wearetech.africa/fr/fils/actualites/tech/cybersecurite-l-algerie-adopte-sa-strategie-nationale-2025-2029,Cybersecurite: l'Algerie adopte sa strategie nationale 2025-2029,2026-03-05,same-outlet-recrawl,EN twin staged: algeria-adopts-2025-2029-national-cybersecurity-strategy,journals
https://www.wearetech.africa/fr/fils/actualites/tech/l-algerie-lance-son-premier-cluster-de-start-up-dedie-a-l-ia-et-a-la-cybersecurite,L'Algerie lance son premier cluster de start-up dedie a l'IA et a la cybersecurite,2026-04-20,same-outlet-recrawl,EN twin staged: algeria-unveils-first-ai-and-cybersecurity-start-up-cluster,journals
https://www.wearetech.africa/fr/fils/actualites/gestion-publique/competences-numeriques-l-algerie-annonce-un-programme-pour-les-citoyens-de-7-a-77-ans,Competences numeriques: l'Algerie annonce un programme pour les citoyens de 7 a 77 ans,2026-05-18,same-outlet-recrawl,EN twin staged: algeria-launches-nationwide-digital-skills-program-for-citizens-aged-7-to-77,journals
https://www.wearetech.africa/fr/fils/actualites/tech/algerie-le-president-tebboune-donne-un-mois-pour-connecter-les-administrations-au-data-center-national,Algerie: Tebboune donne un mois pour connecter les administrations au Data Center national,2026-07-15,same-outlet-recrawl,EN twin staged: algeria-sets-one-month-deadline-for-government-data-center-integration,journals
https://www.telecomreviewafrica.com/fr/topics-fr/operateurs-fr/12323-ooredoo-algerie-obtient-la-licence-5g-a-lissue-de-lappel-a-la-concurrence/,Ooredoo Algerie obtient la licence 5G a l'issue de l'appel a la concurrence,2025-07-04,same-outlet-recrawl,EN twin staged: 12320-ooredoo-algeria-secures-5g-license-following-competitive-tender-process,journals
https://itweb.africa/article/algeria-telecom-networks-with-telco-heavyweights-to-capitalise-on-5g-multi-cloud/KBpdgvpmyw17LEew,"Algeria Telecom networks with telco heavyweights to capitalise on 5G, multi-cloud",2022-05-26,out-of-window,,journals
https://itweb.africa/article/liquid-dataport-ties-up-with-algerias-icosnet/KPNG8v8NVj1M4mwD,Liquid Dataport ties-up with Algeria's ICOSNET,2023-04-20,out-of-window,,journals
https://techcabal.com/2023/12/13/algeria-africa-tech/,In conversation with Algeria's minister of startups,2023-12-13,out-of-window,,journals
https://www.biometricupdate.com/201601/algeria-begins-issuing-biometric-national-identity-cards-this-month,Algeria begins issuing biometric national identity cards this month,2016-01-05,out-of-window,,journals
https://www.connectingafrica.com/investment/veon-sells-algeria-s-djezzy-to-fni,VEON sells Algeria's Djezzy to FNI,2021-07-02,out-of-window,,journals
https://www.connectingafrica.com/partnerships/algerian-telco-rivals-agree-to-share-infrastructure,Algerian telco rivals agree to share infrastructure,2024-01-11,out-of-window,,journals
https://www.telecomreviewafrica.com/articles/features/3269-algeria-s-evolving-telecom-landscape/,Algeria's Evolving Telecom Landscape,2023-03-06,out-of-window,,journals
https://www.telecomreviewafrica.com/articles/features/4618-algeria-s-connectivity-revolution-4g-for-1-400-rural-communities/,"Algeria's Connectivity Revolution: 4G for 1,400 Rural Communities",2024-12-12,out-of-window,,journals
https://www.telecomreviewafrica.com/articles/general-news/2721-in-algeria-5g-will-see-the-light-by-the-end-of-the-year/,"In Algeria, 5G will see the light by the end of the year",2022-03-22,out-of-window,,journals
https://www.telecomreviewafrica.com/articles/telecom-operators/2851-algeria-telecom-to-deploy-its-nationwide-5g-ready-ip-metro-network/,Algeria Telecom to Deploy Its Nationwide 5G-Ready IP Metro Network,2022-06-22,out-of-window,,journals
https://www.telecomreviewafrica.com/articles/telecom-vendor/996-huawei-to-build-data-center-for-algerian-customs/,Huawei to build data center for Algerian Customs,2018-02-16,out-of-window,,journals
https://www.wearetech.africa/en/fils-uk/news/public-management/algeria-to-adopt-new-digital-transformation-strategy,Algeria to Adopt New Digital Transformation Strategy,2024-07-25,out-of-window,,journals
https://www.wearetech.africa/en/fils-uk/news/tech/algeria-completes-2-600-km-of-trans-saharan-fiber-optic-backbone,"Algeria Completes 2,600 km of Trans-Saharan Fiber Optic Backbone",2024-07-08,out-of-window,,journals
https://www.wearetech.africa/en/fils-uk/news/tech/algeria-plans-over-500-digital-projects-by-2026,Algeria Plans Over 500 Digital Projects by 2026,2024-12-26,out-of-window,,journals
https://www.wearetech.africa/en/fils-uk/news/telecom/algeria-boosts-international-bandwidth-capacity-to-9-8-tbit-s,Algeria Boosts International Bandwidth Capacity to 9.8 Tbit/s,2024-02-01,out-of-window,,journals
https://www.wearetech.africa/fr/fils/actualites/tech/l-algerie-a-acheve-2-600-km-de-fibre-optique-de-la-dorsale-transsaharienne,L'Algerie a acheve 2 600 km de fibre optique de la dorsale transsaharienne,2024-07-08,out-of-window,,journals
https://techreviewafrica.com/news/6274/algeria-telecom-earns-international-recognition-at-wsis-2026-photo-contest,Algeria Telecom earns international recognition at WSIS 2026 Photo Contest,,off-topic,photography award; reports no data/digital-governance development,journals
https://techreviewafrica.com/news/6301/africa-cdc-and-algeria-deepen-partnership-to-advance-health-technology-assessment-and-local-manufacturing,Africa CDC and Algeria deepen partnership on health technology assessment,,off-topic,health-systems/pharma manufacturing; digital health only incidental,journals
https://techreviewafrica.com/news/6305/algerias-telecommunications-minister-celebrates-graduation-of-2026-communication-systems-and-networks-engineers,Algeria's Telecommunications Minister celebrates graduation of 2026 engineers,,off-topic,graduation ceremony; reports no development,journals
https://www.telecomreviewafrica.com/media/issues/2025/TRAF%20May%202025.pdf,Telecom Review Africa May 2025 magazine issue (PDF),,off-topic,"magazine issue PDF, not an article; the article-level Ooredoo interview twin is staged separately",journals
https://algerietelecom.dz/,Algerie Telecom homepage,,off-topic,"off-domain leak from site:-scoped query; vendor homepage, not an article",journals
https://issal.dz/,ISSAL NET | Algerian Cloud Service Provider,,off-topic,"off-domain leak; vendor homepage, not an article",journals
https://sofimalgerie.com/,"Sofim - Data Center, Serveur Cloud",,off-topic,"off-domain leak; vendor homepage, not an article",journals
https://alissaralgerie.dz/,Alissar Algerie homepage,,off-topic,"off-domain leak; vendor homepage, not an article",journals
https://protech-algerie.com/,Protech Algerie homepage,,off-topic,"off-domain leak; vendor homepage, not an article",journals
https://linkedin.com/company/oasys-algeria,OASYS Algeria (LinkedIn),,off-topic,"off-domain leak; company profile, not an article",journals
https://techafricanews.com/2026/07/07/algeria-launches-national-digital-services-center-to-strengthen-digital-sovereignty/,Algeria Launches National Digital Services Center to Strengthen Digital Sovereignty,2026-07-07,same-event-different-outlet,staged twin: 2026-07-08-national-digital-services-center-dual-data-centers--wearetech,journals
https://techafricanews.com/2025/09/22/algeria-launches-new-technology-hub-to-drive-digital-transformation/,Algeria Launches New Technology Hub to Drive Digital Transformation,2025-09-22,same-event-different-outlet,staged twin: 2025-09-19-fni-tech-hub-public-sector--wearetech,journals
https://www.telecomreviewafrica.com/articles/general-news/12968-algeria-launches-niif-backed-tech-hub-to-accelerate-digital-transformation/,Algeria Launches NIIF-Backed Tech Hub to Accelerate Digital Transformation,2025-09-24,same-event-different-outlet,staged twin: 2025-09-19-fni-tech-hub-public-sector--wearetech,journals
https://techafricanews.com/2026/04/27/algeria-launches-12-week-ai-training-programme-for-advanced-skills-development/,Algeria Launches 12-Week AI Training Programme for Advanced Skills Development,2026-04-27,same-event-different-outlet,staged twin: 2026-04-27-ai-vocational-training-programme--techreviewafrica,journals
https://www.wearetech.africa/en/fils-uk/news/tech/national-ai-program-positions-algeria-for-digital-growth,National AI Program Positions Algeria for Digital Growth,2026-04-27,same-event-different-outlet,staged twin: 2026-04-27-ai-vocational-training-programme--techreviewafrica,journals
https://techafricanews.com/2025/05/30/algerias-5g-rollout-marks-a-new-era-for-african-digital-transformation/,Algeria's 5G Rollout Marks a New Era for African Digital Transformation,2025-05-30,same-event-different-outlet,staged twin: 2025-06-02-5g-licence-tender-launch--connectingafrica,journals
https://techafricanews.com/2025/07/24/sparkle-and-algerie-telecom-sign-mou-to-build-subsea-cable-linking-italy-and-algeria/,Sparkle and Algerie Telecom Sign MoU to Build Subsea Cable Linking Italy and Algeria,2025-07-24,same-event-different-outlet,staged twin: 2025-07-25-algerie-telecom-sparkle-subsea-cable--connectingafrica,journals
https://techafricanews.com/2025/07/29/algeria-and-italy-partner-on-undersea-cables-5g-and-cybersecurity/,Algeria and Italy Partner on Undersea Cables 5G and Cybersecurity,2025-07-29,same-event-different-outlet,staged twin: 2025-07-28-algeria-italy-tech-cooperation--techreviewafrica,journals
https://www.telecomreviewafrica.com/articles/reports-and-coverage/12504-algeria-and-italy-sign-mou-to-deepen-telecom-and-digital-cooperation/,Algeria and Italy Sign MoU to Deepen Telecom and Digital Cooperation,2025-08-04,same-event-different-outlet,staged twin: 2025-07-28-algeria-italy-tech-cooperation--techreviewafrica,journals
https://techafricanews.com/2026/05/04/algeria-venture-djezzy-and-taubyte-launch-ai-development-platform-aventurecloudz/,Algeria Venture Djezzy and Taubyte Launch AI Development Platform AventureCloudz,2026-05-04,same-outlet-recrawl,staged twin: 2026-04-30-djezzy-aventurecloudz-ai-platform--techafricanews,journals
https://techafricanews.com/2026/03/11/ooredoo-algeria-expands-5g-coverage-nationwide/,Ooredoo Algeria Expands 5G Coverage Nationwide,2026-03-11,same-event-different-outlet,staged twins: 2026-03-12-ooredoo-5g-all-provinces--connectingafrica / 2026-03-13-ooredoo-algeria-5g-nationwide--telecomreviewafrica,journals
https://www.telecomreviewafrica.com/articles/telecom-operators/11778-ooredoo-press-club-highlights-5g-opportunities-in-algeria-at-akadimia/,Ooredoo Press Club Highlights 5G Opportunities in Algeria at Akadimia,2025-04-25,off-topic,PR press-club event; reports no development,journals
https://www.telecomreviewafrica.com/articles/features/28878-beyond-the-signal-why-africas-next-telecom-era-will-be-built-beneath-the-surface/,Beyond the Signal Why Africa's Next Telecom Era Will Be Built Beneath the Surface,2026-06-22,regional,Africa-wide subsea-cable feature; not DZA-specific (XAF-level),journals
https://itweb.africa/article/isdb-explores-how-fintech-could-spur-inclusive-growth-in-islamic-finance/P3gQ2qGAKB27nRD1,IsDB explores how fintech could spur inclusive growth in Islamic finance,2025-05-21,off-topic,Islamic-finance forum hosted in Algiers; digital/DPI angle incidental,journals
https://itweb.africa/article/north-africa-5g-landscape-split-by-early-adopter-gap/j5alr7QAz567pYQk,North Africa 5G landscape split by early-adopter gap,2026-04-01,regional,North-Africa 5G comparison (Opensignal); Algeria speed/consistency data covered by staged Ookla item,journals
https://techreviewafrica.com/news/4625/global-africa-tech-summit-opens-in-algiers-with-high-level-participation,Global Africa Tech Summit opens in Algiers with high-level participation,2026-03-28,same-event-different-outlet,covered by staged 50in5 (2026-03-30) + Algiers Declaration (2026-03-30/31) items,journals
