url,title,published,reason,kept_twin
https://www.biometricupdate.com/202607/mandatory-biometric-verification-for-ghana-card-holders-takes-effect,"Mandatory biometric verification for Ghana Card holders takes effect",2026-07-20,already-seen,seen.csv
https://www.biometricupdate.com/202607/niger-joins-regional-biometric-passport-initiative-with-burkina-faso-mali,"Niger joins regional biometric passport initiative with Burkina Faso, Mali",2026-07-20,already-seen,seen.csv
https://www.biometricupdate.com/202607/vove-id-launches-compliance-program-for-african-startups,"Vove ID launches compliance program for African startups",2026-07-20,already-seen,seen.csv
https://www.biometricupdate.com/202607/iidentifii-idex-strengthen-leadership-teams-token-gleif-add-advisors,"iiDENTIFii, IDEX strengthen leadership teams; Token, GLEIF add advisors",2026-07-20,vendor-pr-no-development,
https://www.biometricupdate.com/202607/standard-biometrics-vocabulary-matters-iso-standard-update-coming,"Standard biometrics vocabulary matters, ISO standard update coming",2026-07-20,off-topic,
https://www.biometricupdate.com/202607/middle-east-airports-accelerate-end-to-end-biometric-passenger-journeys,"Middle East airports accelerate end-to-end biometric passenger journeys",2026-07-20,off-topic,
https://www.biometricupdate.com/202607/tiktoks-ai-message-blurs-the-line-between-creativity-and-security,"TikTok's AI message blurs the line between creativity and security",2026-07-20,off-topic,
https://www.biometricupdate.com/202607/lawsuit-alleges-roblox-misled-investors-about-age-assurance-6-7b-loss,"Lawsuit alleges Roblox misled investors about age assurance, $6.7B loss",2026-07-20,off-topic,
https://www.biometricupdate.com/202607/the-uk-national-digital-id-is-dead-long-live-the-uk-digital-id,"The UK national digital ID is dead, long live the UK digital ID!",2026-07-20,off-topic,
https://www.biometricupdate.com/202607/precise-biometrics-fingerprint-cards-complete-merger,"Precise Biometrics, Fingerprint Cards complete merger",2026-07-20,off-topic,
https://www.biometricupdate.com/202607/social-media-companies-have-failed-to-enforce-their-minimum-age-requirements-ofcom,"Social media companies have failed to enforce their minimum age requirements: Ofcom",2026-07-20,off-topic,
https://www.biometricupdate.com/202607/atarc-publishes-implementation-guide-for-nist-sp-800-63-4,"ATARC publishes implementation guide for NIST SP 800-63-4",2026-07-20,off-topic,
https://www.biometricupdate.com/202607/bixelab-to-unveil-biometric-assurance-management-platform-share-trust-insights,"BixeLab to unveil biometric assurance management platform, share trust insights",2026-07-20,off-topic,
https://www.biometricupdate.com/202607/cdpi-expands-digital-public-infrastructure-bootcamp-to-dominican-republic,"CDPI expands digital public infrastructure bootcamp to Dominican Republic",2026-07-20,off-topic,
https://www.biometricupdate.com/202607/age-assurance-explained-the-laws-reshaping-the-internet,"Age assurance explained: The laws reshaping the internet",2026-07-18,out-of-window,
https://www.biometricupdate.com/202607/the-real-impact-of-the-cyber-resilience-act,"The real impact of the Cyber Resilience Act",2026-07-17,out-of-window,
https://www.biometricupdate.com/202607/ethio-telecom-huawei-partner-to-expand-ethiopias-digital-infrastructure,"Ethio Telecom, Huawei partner to expand Ethiopia's digital infrastructure",2026-07-17,out-of-window,seen.csv
https://www.biometricupdate.com/202607/nigeria-achieves-full-icao-pkd-integration-for-its-biometric-passport,"Nigeria achieves full ICAO PKD integration for its biometric passport",2026-07-16,out-of-window,raw/2026-07-16-nigeria-icao-pkd-biometric-passport.md
https://www.biometricupdate.com/202607/trident-adds-enterprise-ai-platform-to-growing-digital-infrastructure-business,"Trident adds enterprise AI platform to growing digital infrastructure business",2026-07-15,out-of-window,
https://www.biometricupdate.com/202607/nigeria-pushes-for-universal-digital-id-as-nin-use-cases-expand,"Nigeria pushes for universal digital ID as NIN use cases expand",2026-07-13,out-of-window,
https://www.biometricupdate.com/202607/malawi-reaches-13-5m-digital-ids-as-universal-coverage-comes-into-view,"Malawi reaches 13.5M digital IDs as universal coverage comes into view",2026-07-13,out-of-window,
https://www.biometricupdate.com/202607/private-sector-alliance-aims-to-accelerate-africas-interoperable-digital-payments,"Private sector alliance aims to accelerate Africa's interoperable digital payments",2026-07-09,out-of-window,
https://www.biometricupdate.com/202607/nigeria-seeks-support-to-operationalize-new-digital-id-law-as-nin-tops-136m,"Nigeria seeks support to operationalize new digital ID law as NIN tops 136M",2026-07-09,out-of-window,
https://www.biometricupdate.com/202607/sierra-leone-partners-with-bhutan-sign-on-digital-identity-platform,"Sierra Leone partners with Bhutan, Sign on digital identity platform",2026-07-08,out-of-window,"raw/2026-07-08 Sierra Leone partners with Bhutan, Sign on digital identity platform.md"
https://www.biometricupdate.com/202607/ethiopia-partners-with-safaricom-to-run-digital-id-enrollment-in-7-regions,"Ethiopia partners with Safaricom to run digital ID enrollment in 7 regions",2026-07-08,out-of-window,
https://www.biometricupdate.com/202607/advice-from-the-mosip-ecosystem-from-biometric-quality-to-sustainability,"Advice from the MOSIP ecosystem, from biometric quality to sustainability",2026-07-08,out-of-window,
https://www.biometricupdate.com/202607/african-nations-recommit-to-operationalize-afcfta-digital-single-market-framework,"African nations recommit to operationalize AfCFTA digital single market framework",2026-07-07,out-of-window,raw/2026-07-07 African nations recommit to operationalize AfCFTA digital single market framework.md
https://www.biometricupdate.com/202607/madagascars-last-mile-civil-registration-strategy-closing-digital-id-inclusion-gap,"Madagascar's last-mile civil registration strategy closing digital ID inclusion gap",2026-07-06,out-of-window,
https://www.biometricupdate.com/202607/iom-digital-migration-platform-helps-cote-divoire-modernize-border-management,"IOM digital migration platform helps Cote d'Ivoire modernize border management",2026-07-06,out-of-window,raw/2026-07-06-iom-midas-border-management-biometricupdate.md
https://www.biometricupdate.com/202607/the-gambia-launches-sovereign-digital-id-system-built-by-margins-id-group,"The Gambia launches sovereign digital ID system built by Margins ID Group",2026-07-03,out-of-window,
https://www.connectingafrica.com/data-centers/telecom-egypt-cancels-helios-data-center-stake-sale,"Telecom Egypt cancels Helios data center stake sale",2026-07-17,out-of-window,
https://www.connectingafrica.com/connectivity/amazon-leo-prepares-to-launch-satellite-internet-services-in-sa-via-herotel,"Amazon Leo prepares to launch satellite Internet services in SA via Herotel",2026-07-16,out-of-window,
https://www.connectingafrica.com/regulation/kenya-licenses-25-more-digital-lenders,"Kenya licenses 25 more digital lenders",2026-07-16,out-of-window,
https://datacentresafrica.com/ai-is-advancing-faster-than-governments-can-protect-people-new-global-index-finds/,"AI is advancing faster than governments can protect people, new Global Index finds",2026-07-09,out-of-window,
https://datacentresafrica.com/cloud-costs-keep-rising-optimisation-needs-an-owner/,Cloud costs keep rising - Optimisation needs an owner,2026-07-09,out-of-window,
https://datacentresafrica.com/afrobarometer-launches-round-11-data-collection/,Afrobarometer launches Round 11 data collection,2026-07-09,out-of-window,
https://datacentresafrica.com/africa-tech-festival-2026-returns-as-africas-defining-platform-for-digital-transformation-investment-and-innovation/,"Africa Tech Festival 2026 returns as Africa's defining platform for digital transformation, investment and innovation",2026-07-06,out-of-window,
https://datacentresafrica.com/middle-east-africa-data-centre-construction-market-poised-for-usd-15-97-billion-by-2031-arizton/,Middle East & Africa data centre construction market poised for USD 15.97 billion by 2031 - Arizton,2026-07-06,out-of-window,
https://datacentresafrica.com/viatunisia-subsea-segment-reaches-ready-for-service-2/,ViaTunisia subsea segment reaches Ready for Service,2026-07-06,out-of-window,
https://datacentresafrica.com/liquid-c2-secures-gold-level-in-googles-verified-peering-provider-programme-providing-improved-cloud-connectivity-in-africa/,Liquid C2 secures gold-level in Google's Verified Peering Provider programme,2026-07-06,out-of-window,
https://datacentresafrica.com/cassava-technologies-r1-75-billion-investment-commitment-in-gauteng-supports-expansion-in-region/,Cassava Technologies' R1.75-billion investment commitment in Gauteng supports expansion in region,2026-07-06,out-of-window,
https://datacentresafrica.com/digital-realty-announces-transactions-to-drive-continued-platform-growth/,Digital Realty announces transactions to drive continued platform growth,2026-07-06,out-of-window,
https://itweb.africa/article/africas-cloud-infrastructure-gets-resilience-boost/P3gQ2MGAoJ4vnRD1,"Africa's cloud infrastructure gets resilience boost",2026-07-20,already-seen,
https://itweb.africa/article/malawi-seeks-new-telecom-competition/rW1xLv5n1Xb7Rk6m,"Malawi seeks new telecom competition",2026-07-20,already-seen,
https://itweb.africa/article/iidentifii-appoints-marco-wagener-as-ceo/DZQ587V83lBqzXy2,"iiDENTIFii appoints Marco Wagener as CEO",2026-07-20,already-seen,
https://itweb.africa/article/africa-may-be-blockchains-most-mispriced-market/lwrKxv3YPLbMmg1o,"Africa may be Blockchain's most mispriced market",2026-07-20,vendor-thought-leadership,
https://itweb.africa/article/when-the-cyber-lock-fails-what-happens-next/RgeVDqPRmgj7KJN3,"When the cyber lock fails, what happens next?",2026-07-20,vendor-thought-leadership,
https://itweb.africa/article/why-virtual-cards-are-east-africas-next-payments-bridge/KA3WwMdz5GOvrydZ,"Why virtual cards are East Africa's next payments bridge",2026-07-20,vendor-thought-leadership,
https://itweb.africa/article/african-enterprise-innovation-requires-african-ict-talent/DZQ587V834OqzXy2,"African enterprise innovation requires African ICT talent",,sponsored-content,
https://itweb.africa/article/paratus-namibia-again-voted-namibias-most-reliable-internet-provider/GxwQDq1D3jYMlPVo,"Paratus Namibia again voted Namibia's Most Reliable Internet Provider",2026-07-17,out-of-window,
https://itweb.africa/article/announcing-the-launch-of-business-cloud-africa/DZQ58vV831wMzXy2,"Announcing the launch of Business Cloud Africa",2026-07-15,out-of-window,
https://itweb.africa/article/non-human-identities-are-outnumbering-humans-can-your-controls-keep-up/5yONPvErXOa7XWrb,"Non-human identities are outnumbering humans. Can your controls keep up?",2026-07-15,out-of-window,
https://itweb.africa/article/workonline-strengthens-east-africa-network-with-fourth-pop-in-kenya/GxwQDM1D3XG7lPVo,"Workonline strengthens East Africa network with fourth POP in Kenya",2026-07-13,out-of-window,
https://itweb.africa/article/solarwinds-world-tour-nairobi-driving-partner-growth-and-ai-powered-observability-in-east-africa/5yONPvErXwg7XWrb,"SolarWinds World Tour Nairobi",2026-07-10,out-of-window,
https://itweb.africa/article/afl-introduces-focis-flex3-and-flowscout-quad-olts-to-improve-fibre-inspection-certification-workflows/LPwQ5MlboXavNgkj,"AFL introduces FOCIS Flex3 and FlowScout Quad OLTS",2026-07-03,out-of-window,
https://itweb.africa/article/growing-contact-sectors-look-to-agile-reliable-cloud-platforms/Pero3qZ31EDvQb6m,"Growing contact sectors look to agile, reliable cloud platforms",2026-07-03,out-of-window,
https://itweb.africa/article/africa-is-online-the-question-now-is-whether-its-connected-on-its-own-terms/P3gQ2MGAo4NvnRD1,"Africa is online. The question now is whether it's connected on its own terms",2026-07-02,out-of-window,
https://itweb.africa/article/digital-services-strengthen-zambia-finances/JBwEr7n3zk3M6Db2,"Digital services strengthen Zambia finances",2026-07-10,out-of-window,
https://itweb.africa/article/rwanda-migrates-retail-payments-to-ekash/rxP3jqBEnOoMA2ye,"Rwanda migrates retail payments to eKash",2026-07-14,out-of-window,
https://itweb.africa/article/powertel-paratus-zimbabwe-switch-on-new-digital-highway/Gb3Bw7WadXZq2k6V,"Powertel, Paratus Zimbabwe switch on new digital highway",2026-07-06,out-of-window,
https://itweb.africa/article/gabon-advances-digital-payments-overhaul/Kjlyr7wBpQZvk6am,"Gabon advances digital payments overhaul",2026-06-22,out-of-window,
https://itweb.africa/article/kenyas-mobile-money-tax-plan-draws-sharp-industry-backlash/WnxpEv4YXd87V8XL,"Kenya's mobile money tax plan draws sharp industry backlash",2026-05-27,out-of-window,
https://itweb.africa/article/ghana-puts-fintech-at-forefront-of-digital-economy/VgZey7JlnbZqdjX9,"Ghana puts fintech at forefront of digital economy",2026-03-25,out-of-window,
https://itweb.africa/article/cassava-launches-sovereign-cloud-for-africas-public-sector/Gb3BwMWaxJ2v2k6V,"Cassava launches sovereign cloud for Africa's public sector",2026-03-06,out-of-window,
https://itweb.africa/article/zambia-partners-with-payz-to-boost-financial-inclusion/xnklOqz1eBKM4Ymz,"Zambia partners with PAYZ to boost financial inclusion",2026-02-27,out-of-window,
https://itweb.africa/article/seacom-celebrates-15-years-of-boosting-connectivity-in-africa/raYAyMor2e17J38N,"SEACOM celebrates 15 years of boosting connectivity in Africa",2024-07-23,out-of-window,
https://itweb.africa/article/airtel-uganda-advances-digital-inclusion-talks/P3gQ2qGAoa47nRD1,"Airtel Uganda advances digital inclusion talks",2026-07-17,already-seen,
https://itweb.africa/article/egypt-deepens-world-bank-digital-partnership/Pero3qZ31RYvQb6m,"Egypt deepens World Bank digital partnership",2026-07-17,already-seen,
https://www.itweb.co.za/article/the-please-call-me-millions-makates-first-case-was-fubr/xnklOvz14aWq4Ymz,The Please Call Me millions: Makate's first case was 'FUBR',2026-07-21,off-topic,
https://www.itweb.co.za/article/what-is-please-call-me/rxP3jqBEnLOMA2ye,What is Please Call Me?,2026-07-21,off-topic,
https://www.itweb.co.za/article/humanoid-robots-set-for-explosive-growth/GxwQDM1D3OD7lPVo,Humanoid robots set for explosive growth,2026-07-21,off-topic,
https://www.itweb.co.za/article/forge-academy-project-dream-sa-ink-skills-pact/KzQenvjyXwlqZd2r,"Forge Academy, Project Dream SA ink skills pact",2026-07-21,no-development,
https://www.itweb.co.za/article/fragmented-payments-cost-more-than-money/wbrpO7g2n1lvDLZn,Fragmented payments cost more than money,2026-07-21,no-development,
https://www.itweb.co.za/article/mci-expands-its-professional-services-portfolio-with-information-security-and-compliance-services/Gb3BwMWadEjv2k6V,MCi expands its professional services portfolio with Information Security and Compliance Services,2026-07-21,no-development,
https://www.itweb.co.za/article/case-study-moving-beyond-traditional-test-automation/kLgB1Mezpwjq59N4,Case study: Moving beyond traditional test automation,2026-07-21,no-development,
https://www.itweb.co.za/article/how-healthbridge-is-using-digital-technology-to-bring-preventive-healthcare-closer-to-sa-communities/6GxRKqYQZwWqb3Wj,How Healthbridge is using digital technology to bring preventive healthcare closer to SA communities,2026-07-21,no-development,
https://www.itweb.co.za/article/why-the-modern-cloud-journey-is-about-moving-from-legacy-to-lineage/GxwQD71D3YYvlPVo,Why the modern cloud journey is about moving from legacy to lineage,2026-07-21,no-development,
https://www.itweb.co.za/article/white-paper-data-and-analytics-thought-leadership-ovations/o1Jr5qxP4wDqKdWL,White paper: Data and analytics thought leadership | Ovations,2026-07-21,no-development,
https://www.itweb.co.za/article/data-modernisation-fails-when-nobody-understands-the-data/Pero37Z31zYMQb6m,Data modernisation fails when nobody understands the data,2026-07-21,no-development,
https://www.itweb.co.za/article/why-independent-erp-testing-matters-building-business-confidence-before-go-live/RgeVDMPRm5jvKJN3,Why independent ERP testing matters: Building business confidence before go-live,2026-07-21,no-development,
https://www.itweb.co.za/article/smart-city-vision-takes-shape-for-joburg/o1Jr5MxP4xJMKdWL,Smart city vision takes shape for Joburg,2026-07-20,already-seen,new-queue (prior run)
https://www.itweb.co.za/article/sassa-dismisses-officials-linked-to-r33m-grant-fraud/kLgB17ezpPNM59N4,SASSA dismisses officials linked to R33m grant fraud,2026-07-20,already-seen,new-queue (prior run)
https://www.itweb.co.za/article/top-ict-tenders-iec-targets-tech-upgrades-renewals/Pero3MZ31YYqQb6m,"Top ICT tenders: IEC targets tech upgrades, renewals",2026-07-20,already-seen,new-queue (prior run)
https://www.itweb.co.za/article/volkswagen-boosts-renewable-energy-in-kariega/rxP3jMBEn3a7A2ye,Volkswagen boosts renewable energy in Kariega,2026-07-20,off-topic,
https://www.itweb.co.za/article/eskom-expo-regional-science-fairs-kick-off-across-sa/LPp6V7rBOma7DKQz,Eskom Expo regional science fairs kick off across SA,2026-07-20,off-topic,
https://www.itweb.co.za/article/employee-experience-ai-and-security-shaping-the-future-workplace/Olx4z7kaxjpq56km,"Employee experience, AI and security shaping the future workplace",2026-07-20,no-development,
https://www.itweb.co.za/article/over-reliance-on-ai-for-financial-advice-carries-risks-warn-experts/KjlyrvwBkXaqk6am,"Over-reliance on AI for financial advice carries risks, warn experts",2026-07-20,no-development,
https://www.itweb.co.za/article/vodacom-wits-partner-on-leadership-programme-for-students/5yONPvErXZy7XWrb,"Vodacom, Wits partner on leadership programme for students",2026-07-20,no-development,
https://www.itweb.co.za/article/itweb-tv-where-will-sa-telcos-see-the-next-wave-of-growth/xA9POvNENlrqo4J8,ITWeb TV: Where will SA telcos see the next wave of growth?,2026-07-20,no-development,
https://www.itweb.co.za/article/86-of-enterprises-have-deployed-ai-agents-just-34-trust-them-boomi-study-finds/8OKdWqDX28QqbznQ,86% Of Enterprises Have Deployed AI Agents. Just 34% Trust Them Boomi Study Finds.,2026-07-20,no-development,
https://www.itweb.co.za/article/why-smes-must-regularly-re-examine-cyber-measures/dgp45MaB8WVqX9l8,Why SMEs must regularly re-examine cyber measures,2026-07-17,out-of-window,
https://www.itweb.co.za/article/before-we-ban-south-africa-and-the-age-verification-trap/lwrKxv3YPjwMmg1o,Before we ban: South Africa and the age-verification trap,2026-07-16,out-of-window,
https://www.itweb.co.za/article/in-search-of-the-green-zone/dgp45qaB8zVvX9l8,In search of the green zone,2026-07-16,out-of-window,
https://www.itweb.co.za/article/netapp-acquires-datapelago-making-data-ai-ready-at-the-infrastructure-layer/LPp6V7rBO8L7DKQz,NetApp Acquires DataPelago Making Data AI-Ready at the Infrastructure Layer,2026-07-16,out-of-window,
https://www.itweb.co.za/article/circus-commences-operations-with-ukrainian-ground-forces/KjlyrvwBkYBqk6am,Circus Commences Operations with Ukrainian Ground Forces,2026-07-16,out-of-window,
https://www.itweb.co.za/article/post-quantums-algorithm-classic-mceliece-achieves-global-iso-standardization-to-protect-the-world-from-quantum-cyber-attack/kYbe9MXbPgavAWpG,Post-Quantum's Algorithm - Classic McEliece - Achieves Global ISO Standardization,2026-07-15,out-of-window,
https://www.itweb.co.za/article/realpage-acquires-cherre-creating-a-trusted-ai-powered-intelligence-platform-across-the-full-real-estate-capital-stack/Gb3BwMWadJ9v2k6V,RealPage Acquires Cherre,2026-07-14,out-of-window,
https://www.itweb.co.za/article/intersystems-recognized-as-a-leader-in-the-gartner-magic-quadrant-for-enterprise-electronic-health-records/o1Jr5qxP4LYqKdWL,InterSystems Recognized as a Leader in the Gartner Magic Quadrant,2026-07-14,out-of-window,
https://www.itweb.co.za/article/vivere-group-selects-rimini-street-to-strengthen-sap-support-and-accelerate-business-transformation/kLgB1Mezp2Yq59N4,VIVERE Group Selects Rimini Street,2026-07-14,out-of-window,
https://www.itweb.co.za/article/samsung-becomes-a-sisvel-wi-fi-multimode-pool-licensee-and-licensor/nWJad7bNlAW7bjO1,Samsung Becomes a Sisvel Wi-Fi Multimode Pool Licensee and Licensor,2026-07-14,out-of-window,
https://www.itweb.co.za/article/raxio-tops-us380-million-in-committed-capital-as-roha-and-meridiam-boost-stakes-amid-sixfold-growth-surge-for-its-african-data-centres/GxwQDq1D36aMlPVo,Raxio Tops US$380 Million in Committed Capital,2026-07-13,out-of-window,
https://www.itweb.co.za/article/fast-tracking-ai-linking-data-governance-easy-access/8OKdWMDX26NMbznQ,"Fast-tracking AI: Linking data, governance, easy access",2026-07-13,out-of-window,
https://www.itweb.co.za/article/the-ai-power-law-why-2-of-ai-agents-create-most-enterprise-value/Pero37Z31KbMQb6m,The AI power law: Why 2% of AI agents create most enterprise value,2026-07-10,out-of-window,
https://www.itweb.co.za/article/the-dlp-survival-guide/KWEBbvyL45dqmRjO,The DLP survival guide,2026-07-09,out-of-window,
https://www.itweb.co.za/article/iec-dreams-of-digital-voting-just-not-in-this-election/PmxVEMKEGXgvQY85,"IEC dreams of digital voting, just not in this election",2026-06-25,out-of-window,
https://www.itweb.co.za/article/shine-a-light/6GxRKqYQxZxqb3Wj,Shine a light,2026-06-18,out-of-window,
https://subtelforum.com/subtel-forum-magazine-149-regional-systems/,"SubTel Forum Issue 149 - Regional Systems OUT NOW!",2026-07-20,off-topic,
https://subtelforum.com/ellalink-begins-lumlink-marine-installation/,"EllaLink Begins Lum@link Marine Installation",2026-07-17,out-of-window,
https://subtelforum.com/mcmc-opens-registration-for-malaysias-salam-cable/,"MCMC Opens Registration for Malaysia's SALAM Cable",2026-07-17,out-of-window,
https://subtelforum.com/china-commissions-tianyi-linghangzhe-cable-ship/,"China Commissions Tianyi Linghangzhe Cable Ship",2026-07-17,out-of-window,
https://subtelforum.com/taiwan-declines-prosecution-in-dongyin-subsea-cable-case/,"Taiwan Declines Prosecution in Dongyin Subsea Cable Case",2026-07-17,out-of-window,
https://subtelforum.com/fcc-adopts-new-submarine-cable-licensing-regime/,"FCC Adopts New Submarine Cable Licensing Regime",2026-07-17,out-of-window,
https://subtelforum.com/eu-opens-e3-94m-subsea-cable-security-pilot/,"EU Opens EUR3.94M Subsea Cable Security Pilot",2026-07-17,out-of-window,
https://subtelforum.com/watra-urges-regional-subsea-resilience-plan/,"WATRA Urges Regional Subsea Resilience Plan",2026-07-17,already-seen,raw/2026-07-15-watra-regional-subsea-resilience-plan.md
https://subtelforum.com/itu-icpc-advisory-body-approves-cable-resilience-report/,"ITU, ICPC Advisory Body Approves Cable Resilience Report",2026-07-17,already-seen,raw/2026-07-10-itu-icpc-advisory-body-cable-resilience-report.md
https://subtelforum.com/keppel-secures-irus-for-all-five-bifrost-fibre-pairs/,"Keppel Secures IRUs for All Five Bifrost Fibre Pairs",2026-07-16,out-of-window,
https://techafricanews.com/2026/07/20/busha-business-and-tether-partner-to-expand-stablecoin-infrastructure-for-african-businesses/,Busha Business and Tether Partner to Expand Stablecoin Infrastructure for African Businesses,2026-07-20,already-seen,
https://techafricanews.com/2026/07/20/smart-zambia-trains-146-district-officers-in-southern-province-to-strengthen-digital-skills/,SMART Zambia Trains 146 District Officers in Southern Province to Strengthen Digital Skills,2026-07-20,already-seen,
https://techafricanews.com/2026/07/20/master-power-technologies-opens-r50-million-customer-experience-centre-in-south-africa/,Master Power Technologies Opens R50 Million Customer Experience Centre in South Africa,2026-07-20,already-seen,
https://techafricanews.com/2026/07/20/cassava-technologies-boosts-ai-ready-cloud-infrastructure-in-africa/,Cassava Technologies Enhances Secure Cloud Connectivity Across Africa with Microsoft Azure ExpressRoute Metro,2026-07-20,already-seen,
https://techafricanews.com/2026/07/20/vercel-acquires-talent-behind-egypts-stakpak-to-build-agentic-infrastructure/,Vercel Acquires Talent Behind Egypt's Stakpak to Build Agentic Infrastructure,2026-07-20,already-seen,
https://techafricanews.com/2026/07/20/nigeria-launches-coordinated-regulatory-framework-for-virtual-assets/,Nigeria Launches Coordinated Regulatory Framework for Virtual Assets,2026-07-20,already-seen,
https://techafricanews.com/2026/07/20/somali-national-university-launches-ai-centre-to-advance-research-and-digital-innovation/,Somali National University Launches AI Centre to Advance Research and Digital Innovation,2026-07-20,already-seen,
https://techafricanews.com/2026/07/20/helios-towers-plans-150-million-investment-to-expand-senegals-digital-infrastructure/,Helios Towers Plans $150 Million Investment to Expand Senegal's Digital Infrastructure,2026-07-20,already-seen,
https://techafricanews.com/2026/07/20/kenya-launches-117th-jitume-digital-hub-to-expand-digital-access-in-baringo-county/,Kenya Launches 117th Jitume Digital Hub to Expand Digital Access in Baringo County,2026-07-20,already-seen,
https://techafricanews.com/2026/07/20/south-sudan-launches-national-spectrum-management-and-5g-strategy-development/,South Sudan Launches National Spectrum Management and 5G Strategy Development,2026-07-20,already-seen,
https://techafricanews.com/2026/07/20/scale-ai-and-dell-technologies-partner-to-advance-ai-adoption-in-qatar/,Scale AI and Dell Technologies Partner to Advance AI Adoption in Qatar,2026-07-20,out-of-scope-non-africa,
https://techafricanews.com/2026/07/20/dtec-partners-jetbrains-to-equip-uae-startups-with-ai-developer-tools/,Dtec Partners JetBrains to Equip UAE Startups with AI Developer Tools,2026-07-20,out-of-scope-non-africa,
https://techafricanews.com/2026/07/20/fab-launches-jaywan-debit-card-to-support-uaes-national-payments-scheme/,FAB Launches Jaywan Debit Card to Support UAE's National Payments Scheme,2026-07-20,out-of-scope-non-africa,
https://techafricanews.com/2026/07/20/adi-chain-and-tangem-launch-co-branded-hardware-wallet-in-uae-retail-stores/,ADI Chain and Tangem Launch Co-Branded Hardware Wallet in UAE Retail Stores,2026-07-20,out-of-scope-non-africa,
https://techafricanews.com/2026/07/20/cbd-launches-jaywan-prepaid-cards-to-support-uaes-national-payments-scheme/,CBD Launches Jaywan Prepaid Cards to Support UAE's National Payments Scheme,2026-07-20,out-of-scope-non-africa,
https://techafricanews.com/2026/07/20/ooredoo-kuwait-partners-aloochat-ai-to-deliver-conversational-ai-solutions-for-businesses/,Ooredoo Kuwait Partners AlooChat AI to Deliver Conversational AI Solutions for Businesses,2026-07-20,out-of-scope-non-africa,
https://techafricanews.com/2026/07/20/ooredoo-qatar-partners-with-samsung-to-enhance-customer-digital-experience/,Ooredoo Qatar Partners with Samsung to Enhance Customer Digital Experience,2026-07-20,out-of-scope-non-africa,
https://techafricanews.com/2026/07/20/fitch-assigns-invest-bank-investment-grade-bbb-rating-with-stable-outlook/,Fitch Assigns Invest Bank Investment-Grade 'BBB+' Rating with Stable Outlook,2026-07-20,out-of-scope-non-africa,
https://techafricanews.com/2026/07/20/orange-jordan-launches-new-coding-academy-phase-to-train-370-youth/,Orange Jordan Launches New Coding Academy Phase to Train 370 Youth,2026-07-20,out-of-scope-non-africa,
https://techafricanews.com/2026/07/20/turk-telekom-signs-strategic-cybersecurity-partnership-with-cyber-me-technology/,Turk Telekom Signs Strategic Cybersecurity Partnership with CYBER ME Technology,2026-07-20,out-of-scope-non-africa,
https://techafricanews.com/2026/07/20/origen-and-deepexi-partner-to-accelerate-enterprise-ai-adoption-across-mea/,Origen and Deepexi Partner to Accelerate Enterprise AI Adoption Across MEA,2026-07-20,out-of-scope-non-africa (UAE parties; MEA is boilerplate - no African country named or deployment),
https://techafricanews.com/2026/07/20/riverbed-named-a-leader-in-idc-marketscape-for-digital-employee-experience/,Riverbed Named a Leader in IDC MarketScape for Digital Employee Experience,2026-07-20,vendor-award-pr-no-development,
https://techafricanews.com/2026/07/20/decide-partners-with-cafe-one-to-bring-ai-productivity-tools-to-nigerias-co-working-community/,Decide Partners with Cafe One to Bring AI Productivity Tools to Nigeria's Co-Working Community,2026-07-20,vendor-pr-no-development (co-working membership perk; no governance or transformation payload),
https://techafricanews.com/2026/07/21/basigo-and-rubis-energy-kenya-partner-to-expand-ev-fast-charging-network/,BasiGo and Rubis Energy Kenya Partner to Expand EV Fast-Charging Network,2026-07-21,off-topic (EV charging - not data governance or digital transformation),
https://techafricanews.com/2026/07/21/qatars-cra-introduces-new-rules-for-submarine-cable-landing-station-access/,Qatar's CRA Introduces New Rules for Submarine Cable Landing Station Access,2026-07-21,out-of-scope-non-africa,
https://techafricanews.com/2026/07/21/flooss-integrates-ekey-2-0-to-streamline-digital-financing-in-bahrain/,Flooss Integrates eKey 2.0 to Streamline Digital Financing in Bahrain,2026-07-21,out-of-scope-non-africa,
https://techafricanews.com/2026/07/21/changer-ae-and-tether-partner-to-advance-regulated-digital-asset-infrastructure-in-adgm/,Changer.ae and Tether Partner to Advance Regulated Digital Asset Infrastructure in ADGM,2026-07-21,out-of-scope-non-africa,
https://techafricanews.com/2026/07/21/stc-pay-bahrain-opens-digital-wallet-services-to-saudi-visitors/,stc pay Bahrain Opens Digital Wallet Services to Saudi Visitors,2026-07-21,out-of-scope-non-africa,
https://techafricanews.com/2026/07/21/network-international-enables-jaywan-cards-for-online-payments-across-uae-merchants/,Network International Enables Jaywan Cards for Online Payments Across UAE Merchants,2026-07-21,out-of-scope-non-africa,
https://techafricanews.com/2026/07/21/sharjah-taxi-records-1-million-yango-trips-advancing-smart-transport-in-the-emirate/,Sharjah Taxi Records 1 Million Yango Trips Advancing Smart Transport in the Emirate,2026-07-21,out-of-scope-non-africa,
https://techafricanews.com/2026/07/21/airtel-zambia-expands-digital-learning-with-makole-community-school-handover-in-solwezi/,Airtel Zambia Expands Digital Learning with Makole Community School Handover in Solwezi,2026-07-21,csr-pr-no-development (single-school handover; no figures or measurable change),
https://techcabal.com/2026/07/21/techcabal-daily-lie-detector-test-for-sim-cards/,"TechCabal Daily - Lie detector test for SIM cards",2026-07-21,newsletter-digest,
https://techcabal.com/2026/07/20/techcabal-daily-ma-machine/,"TechCabal Daily - 'M&A machine'",2026-07-20,newsletter-digest,
https://techcabal.com/2026/07/20/the-next-wave-why-it-rained-at-your-favourite-cloud-kitchen/,"The Next Wave: Why it rained at your favourite cloud kitchen",2026-07-20,newsletter-digest,
https://techcabal.com/2026/07/21/vukapay-secures-bank-of-canada-psp-registration-strengthening-its-global-payment-capabilities/,"VukaPay Secures Bank of Canada PSP Registration",2026-07-21,paid-placement,
https://techcabal.com/2026/07/20/termii-elevate-5-africa-tech-builders/,"How Termii is empowering Africa's next generation of builders",2026-07-20,paid-placement,
https://techcabal.com/2026/07/20/accra-stablecoin-conference-2026/,"Accra Stablecoin Conference 2026 concludes",2026-07-20,paid-placement,
https://techcabal.com/2026/07/20/busha-business-tether/,"Busha Business collaborates with Tether",2026-07-20,paid-placement,
https://techcabal.com/2026/07/20/ridima-gift-card-trading-nigeria/,"How Ridima is setting a new standard for gift card trading in Nigeria",2026-07-20,paid-placement,
https://techcabal.com/2026/07/20/uba-business-series-africa-billion-dollar-opportunities/,"Investors at UBA Business series identify Africa's Next Billion-Dollar opportunities",2026-07-20,paid-placement,
https://techcabal.com/2026/07/20/launch-africa-h1-2026/,"Why Launch Africa keeps writing early-stage cheques despite market slowdown",2026-07-20,already-seen,
https://techcabal.com/2026/07/20/nigerias-central-bank-is-rewriting-the-rules-for-fintech-growth/,"Nigeria's central bank is rewriting the rules for fintech growth",2026-07-20,already-seen,
https://techcabal.com/2026/07/20/south-sudan-slaps-visa-kenya-rwanda-uganda/,"South Sudan's $50 e-visa fee threatens East African labour mobility",2026-07-20,already-seen,
https://techcabal.com/2026/07/20/safaricom-financial-services-chief-esther-waititu-to-leave/,"Safaricom's financial services chief joins wave of senior executive exits",2026-07-20,already-seen,
https://techcabal.com/2026/07/20/south-africa-wants-every-sim-card-to-become-a-trusted-digital-id/,"South Africa wants every SIM card to become a trusted digital ID",2026-07-20,already-seen,
https://techcabal.com/2026/07/20/vove-id-launches-compliance-readiness-program-for-african-startups/,"Morocco's VOVE ID launches compliance readiness program for African startups",2026-07-20,already-seen,
https://techcabal.com/2026/07/20/gtbank-kenya-begins-search-new-md/,"GTBank Kenya begins search for new MD as Jubril Adeniji returns to Nigeria",2026-07-20,off-topic,
https://techcabal.com/2026/07/18/gocab-yango/,"GoCab deploys 100 electric vehicles in Abidjan as part of Yango's fleet",2026-07-18,out-of-window,
https://www.telecomreviewafrica.com/articles/reports-and-coverage/29003-secure-your-place-among-icts-leading-companies-at-trs-2026/,"Secure Your Place Among ICT's Leading Companies at TRS 2026",2026-07-21,promotional-no-development,
https://www.telecomreviewafrica.com/articles/reports-and-coverage/28997-dont-miss-out-join-our-webinar-on-how-ai-is-driving-smarter-african-telecom/,"Don't Miss Out: Join Our Webinar on How AI Is Driving Smarter African Telecom",2026-07-17,out-of-window,
https://www.telecomreviewafrica.com/articles/telecom-operators/28991-vodacom-partners-with-itu-to-advance-digital-inclusion-across-africa/,"Vodacom Partners with ITU to Advance Digital Inclusion Across Africa",2026-07-17,already-seen,
https://www.telecomreviewafrica.com/articles/general-news/28992-zambia-launches-govlink-private-4g-to-power-digital-government-and-healthcare-services/,"Zambia Launches GovLink Private 4G to Power Digital Government and Healthcare Services",2026-07-17,already-seen,
https://www.telecomreviewafrica.com/articles/telecom-vendor/28986-nokia-unveils-industrys-first-ai-native-ran-platform-redefining-the-future-of-radio/,"Nokia Unveils Industry's First AI-Native RAN Platform, Redefining the Future of Radio",2026-07-16,out-of-window,
https://www.telecomreviewafrica.com/articles/general-news/28982-madagascar-conducts-first-direct-to-cell-satellite-trial-advancing-digital-inclusion/,"Madagascar Conducts First Direct-to-Cell Satellite Trial, Advancing Digital Inclusion",2026-07-15,out-of-window,
https://www.wearetech.africa/fr/fils/breves/breves-une/innovation-ouverture-des-candidatures-pour-le-prix-raeng-afrique-en-ingenierie-2027,"Innovation : ouverture des candidatures pour le Prix RAEng Afrique en ingenierie 2027",2026-07-21,awards-pr-call-for-applications,
https://www.wearetech.africa/en/fils-uk/brief/brief-one/applications-open-for-the-2027-africa-prize-for-engineering-innovation,"Applications Open for the 2027 Africa Prize for Engineering Innovation",2026-07-21,en-twin-of-dropped-fr-original,
https://www.wearetech.africa/fr/fils/breves/breves-simple/egypte-la-start-up-de-sante-reme-d-leve-1-45-million-de-dollars,"Egypte : la start-up de sante Reme-D leve 1,45 million de dollars",2026-07-21,off-topic-physical-diagnostics-not-digital,
https://www.wearetech.africa/fr/fils/breves/breves-simple/reseau-social-x-deploie-une-toute-nouvelle-application-sur-android,"Reseau social : X deploie une toute nouvelle application sur Android",2026-07-21,off-topic-global-consumer-product-no-africa-angle,
https://www.wearetech.africa/en/fils-uk/brief/brief-simple/x-launches-rebuilt-app-for-android-users,"X Launches Rebuilt App for Android Users",2026-07-21,en-twin-of-dropped-fr-original,
https://www.wearetech.africa/fr/fils/tech-stars/avec-padue-dalitso-mbewe-connecte-les-automobilistes-en-panne-aux-depanneurs,"Avec Padue, Dalitso Mbewe connecte les automobilistes en panne aux depanneurs",2026-07-21,off-topic-consumer-roadside-assistance-app-no-governance-payload,
https://www.wearetech.africa/fr/fils/breves/breves-simple/startup-challenge-2026-les-inscriptions-prennent-fin-demain-mardi-21-juillet,"Startup Challenge 2026 : les inscriptions prennent fin demain, mardi 21 juillet",2026-07-20,event-promo-call-for-applications,
https://www.wearetech.africa/en/fils-uk/brief/brief-simple/2026-startup-challenge-applications-close-tomorrow,"2026 Startup Challenge Applications Close Tomorrow",2026-07-20,en-twin-of-dropped-fr-original,
https://www.wearetech.africa/fr/fils/breves/breves-simple/agriculture-le-fonds-araf-d-acumen-leve-90-millions-de-dollars-pour-le-climat,"Agriculture : le fonds ARAF d'Acumen leve 90 millions de dollars pour le climat",2026-07-20,off-topic-agriculture-climate-fund-not-digital,
https://www.wearetech.africa/fr/fils/breves/breves-une/burkina-faso-la-fondation-orange-lance-des-bourses-pour-le-numerique,"Burkina Faso : la Fondation Orange lance des bourses pour le numerique",2026-07-20,vendor-csr-call-for-applications,
https://www.wearetech.africa/en/fils-uk/brief/brief-one/burkina-faso-applications-open-for-orange-tech-scholarships,"Burkina Faso: Applications Open for Orange Tech Scholarships",2026-07-20,en-twin-of-dropped-fr-original,
https://www.wearetech.africa/fr/fils/actualites/tech/lalgerie-durcit-les-regles-de-publication-des-images-sur-les-plateformes-numeriques,"L'Algerie durcit les regles de publication des images sur les plateformes numeriques",2026-07-20,already-seen,
https://www.wearetech.africa/fr/fils/actualites/tech/le-senegal-supprime-le-timbre-fiscal-physique-au-profit-dune-version-numerique,"Le Senegal supprime le timbre fiscal physique au profit d'une version numerique",2026-07-20,already-seen,
https://www.wearetech.africa/fr/fils/actualites/tech/intelligence-artificielle-le-maroc-renforce-son-ecosysteme-avec-lappui-de-capgemini,"Intelligence artificielle : le Maroc renforce son ecosysteme avec l'appui de Capgemini",2026-07-20,already-seen,
https://www.wearetech.africa/fr/fils/breves/breves-simple/numerique-le-liberia-organise-son-sommet-de-la-technologie-a-monrovia,"Numerique : le Liberia organise son sommet de la technologie a Monrovia",2026-07-20,already-seen,
https://www.wearetech.africa/en/fils-uk/brief/brief-simple/monrovia-to-host-liberia-technology-summit-on-july-21-22,"Monrovia to Host Liberia Technology Summit on July 21-22",2026-07-20,en-twin-of-already-seen-fr-original,
https://www.wearetech.africa/fr/fils/tech-stars/ridwan-oyenuga-connecte-les-nigerians-a-des-therapeutes-en-ligne,"Ridwan Oyenuga connecte les Nigerians a des therapeutes en ligne",2026-07-20,already-seen,
https://www.wearetech.africa/fr/fils/tech-stars/cephas-doudou-numerise-le-marche-de-la-seconde-main-en-cote-d-ivoire,"Cephas Doudou numerise le marche de la seconde main en Cote d'Ivoire",2026-07-20,off-topic-consumer-classifieds-app-no-governance-payload,
